[
  {
    "model": "auth.permission",
    "pk": 1,
    "fields": {
      "name": "Can add log entry",
      "content_type": 1,
      "codename": "add_logentry"
    }
  },
  {
    "model": "auth.permission",
    "pk": 2,
    "fields": {
      "name": "Can change log entry",
      "content_type": 1,
      "codename": "change_logentry"
    }
  },
  {
    "model": "auth.permission",
    "pk": 3,
    "fields": {
      "name": "Can delete log entry",
      "content_type": 1,
      "codename": "delete_logentry"
    }
  },
  {
    "model": "auth.permission",
    "pk": 4,
    "fields": {
      "name": "Can view log entry",
      "content_type": 1,
      "codename": "view_logentry"
    }
  },
  {
    "model": "auth.permission",
    "pk": 5,
    "fields": {
      "name": "Can add permission",
      "content_type": 2,
      "codename": "add_permission"
    }
  },
  {
    "model": "auth.permission",
    "pk": 6,
    "fields": {
      "name": "Can change permission",
      "content_type": 2,
      "codename": "change_permission"
    }
  },
  {
    "model": "auth.permission",
    "pk": 7,
    "fields": {
      "name": "Can delete permission",
      "content_type": 2,
      "codename": "delete_permission"
    }
  },
  {
    "model": "auth.permission",
    "pk": 8,
    "fields": {
      "name": "Can view permission",
      "content_type": 2,
      "codename": "view_permission"
    }
  },
  {
    "model": "auth.permission",
    "pk": 9,
    "fields": {
      "name": "Can add group",
      "content_type": 3,
      "codename": "add_group"
    }
  },
  {
    "model": "auth.permission",
    "pk": 10,
    "fields": {
      "name": "Can change group",
      "content_type": 3,
      "codename": "change_group"
    }
  },
  {
    "model": "auth.permission",
    "pk": 11,
    "fields": {
      "name": "Can delete group",
      "content_type": 3,
      "codename": "delete_group"
    }
  },
  {
    "model": "auth.permission",
    "pk": 12,
    "fields": {
      "name": "Can view group",
      "content_type": 3,
      "codename": "view_group"
    }
  },
  {
    "model": "auth.permission",
    "pk": 13,
    "fields": {
      "name": "Can add content type",
      "content_type": 4,
      "codename": "add_contenttype"
    }
  },
  {
    "model": "auth.permission",
    "pk": 14,
    "fields": {
      "name": "Can change content type",
      "content_type": 4,
      "codename": "change_contenttype"
    }
  },
  {
    "model": "auth.permission",
    "pk": 15,
    "fields": {
      "name": "Can delete content type",
      "content_type": 4,
      "codename": "delete_contenttype"
    }
  },
  {
    "model": "auth.permission",
    "pk": 16,
    "fields": {
      "name": "Can view content type",
      "content_type": 4,
      "codename": "view_contenttype"
    }
  },
  {
    "model": "auth.permission",
    "pk": 17,
    "fields": {
      "name": "Can add session",
      "content_type": 5,
      "codename": "add_session"
    }
  },
  {
    "model": "auth.permission",
    "pk": 18,
    "fields": {
      "name": "Can change session",
      "content_type": 5,
      "codename": "change_session"
    }
  },
  {
    "model": "auth.permission",
    "pk": 19,
    "fields": {
      "name": "Can delete session",
      "content_type": 5,
      "codename": "delete_session"
    }
  },
  {
    "model": "auth.permission",
    "pk": 20,
    "fields": {
      "name": "Can view session",
      "content_type": 5,
      "codename": "view_session"
    }
  },
  {
    "model": "auth.permission",
    "pk": 21,
    "fields": {
      "name": "Can add product category",
      "content_type": 6,
      "codename": "add_productcategory"
    }
  },
  {
    "model": "auth.permission",
    "pk": 22,
    "fields": {
      "name": "Can change product category",
      "content_type": 6,
      "codename": "change_productcategory"
    }
  },
  {
    "model": "auth.permission",
    "pk": 23,
    "fields": {
      "name": "Can delete product category",
      "content_type": 6,
      "codename": "delete_productcategory"
    }
  },
  {
    "model": "auth.permission",
    "pk": 24,
    "fields": {
      "name": "Can view product category",
      "content_type": 6,
      "codename": "view_productcategory"
    }
  },
  {
    "model": "auth.permission",
    "pk": 25,
    "fields": {
      "name": "Can add product",
      "content_type": 7,
      "codename": "add_product"
    }
  },
  {
    "model": "auth.permission",
    "pk": 26,
    "fields": {
      "name": "Can change product",
      "content_type": 7,
      "codename": "change_product"
    }
  },
  {
    "model": "auth.permission",
    "pk": 27,
    "fields": {
      "name": "Can delete product",
      "content_type": 7,
      "codename": "delete_product"
    }
  },
  {
    "model": "auth.permission",
    "pk": 28,
    "fields": {
      "name": "Can view product",
      "content_type": 7,
      "codename": "view_product"
    }
  },
  {
    "model": "auth.permission",
    "pk": 29,
    "fields": {
      "name": "Can add user",
      "content_type": 8,
      "codename": "add_shopuser"
    }
  },
  {
    "model": "auth.permission",
    "pk": 30,
    "fields": {
      "name": "Can change user",
      "content_type": 8,
      "codename": "change_shopuser"
    }
  },
  {
    "model": "auth.permission",
    "pk": 31,
    "fields": {
      "name": "Can delete user",
      "content_type": 8,
      "codename": "delete_shopuser"
    }
  },
  {
    "model": "auth.permission",
    "pk": 32,
    "fields": {
      "name": "Can view user",
      "content_type": 8,
      "codename": "view_shopuser"
    }
  },
  {
    "model": "auth.permission",
    "pk": 33,
    "fields": {
      "name": "Can add basket",
      "content_type": 9,
      "codename": "add_basket"
    }
  },
  {
    "model": "auth.permission",
    "pk": 34,
    "fields": {
      "name": "Can change basket",
      "content_type": 9,
      "codename": "change_basket"
    }
  },
  {
    "model": "auth.permission",
    "pk": 35,
    "fields": {
      "name": "Can delete basket",
      "content_type": 9,
      "codename": "delete_basket"
    }
  },
  {
    "model": "auth.permission",
    "pk": 36,
    "fields": {
      "name": "Can view basket",
      "content_type": 9,
      "codename": "view_basket"
    }
  },
  {
    "model": "auth.permission",
    "pk": 37,
    "fields": {
      "name": "Can add contacts",
      "content_type": 10,
      "codename": "add_contacts"
    }
  },
  {
    "model": "auth.permission",
    "pk": 38,
    "fields": {
      "name": "Can change contacts",
      "content_type": 10,
      "codename": "change_contacts"
    }
  },
  {
    "model": "auth.permission",
    "pk": 39,
    "fields": {
      "name": "Can delete contacts",
      "content_type": 10,
      "codename": "delete_contacts"
    }
  },
  {
    "model": "auth.permission",
    "pk": 40,
    "fields": {
      "name": "Can view contacts",
      "content_type": 10,
      "codename": "view_contacts"
    }
  },
  {
    "model": "auth.permission",
    "pk": 41,
    "fields": {
      "name": "Can add association",
      "content_type": 11,
      "codename": "add_association"
    }
  },
  {
    "model": "auth.permission",
    "pk": 42,
    "fields": {
      "name": "Can change association",
      "content_type": 11,
      "codename": "change_association"
    }
  },
  {
    "model": "auth.permission",
    "pk": 43,
    "fields": {
      "name": "Can delete association",
      "content_type": 11,
      "codename": "delete_association"
    }
  },
  {
    "model": "auth.permission",
    "pk": 44,
    "fields": {
      "name": "Can view association",
      "content_type": 11,
      "codename": "view_association"
    }
  },
  {
    "model": "auth.permission",
    "pk": 45,
    "fields": {
      "name": "Can add code",
      "content_type": 12,
      "codename": "add_code"
    }
  },
  {
    "model": "auth.permission",
    "pk": 46,
    "fields": {
      "name": "Can change code",
      "content_type": 12,
      "codename": "change_code"
    }
  },
  {
    "model": "auth.permission",
    "pk": 47,
    "fields": {
      "name": "Can delete code",
      "content_type": 12,
      "codename": "delete_code"
    }
  },
  {
    "model": "auth.permission",
    "pk": 48,
    "fields": {
      "name": "Can view code",
      "content_type": 12,
      "codename": "view_code"
    }
  },
  {
    "model": "auth.permission",
    "pk": 49,
    "fields": {
      "name": "Can add nonce",
      "content_type": 13,
      "codename": "add_nonce"
    }
  },
  {
    "model": "auth.permission",
    "pk": 50,
    "fields": {
      "name": "Can change nonce",
      "content_type": 13,
      "codename": "change_nonce"
    }
  },
  {
    "model": "auth.permission",
    "pk": 51,
    "fields": {
      "name": "Can delete nonce",
      "content_type": 13,
      "codename": "delete_nonce"
    }
  },
  {
    "model": "auth.permission",
    "pk": 52,
    "fields": {
      "name": "Can view nonce",
      "content_type": 13,
      "codename": "view_nonce"
    }
  },
  {
    "model": "auth.permission",
    "pk": 53,
    "fields": {
      "name": "Can add user social auth",
      "content_type": 14,
      "codename": "add_usersocialauth"
    }
  },
  {
    "model": "auth.permission",
    "pk": 54,
    "fields": {
      "name": "Can change user social auth",
      "content_type": 14,
      "codename": "change_usersocialauth"
    }
  },
  {
    "model": "auth.permission",
    "pk": 55,
    "fields": {
      "name": "Can delete user social auth",
      "content_type": 14,
      "codename": "delete_usersocialauth"
    }
  },
  {
    "model": "auth.permission",
    "pk": 56,
    "fields": {
      "name": "Can view user social auth",
      "content_type": 14,
      "codename": "view_usersocialauth"
    }
  },
  {
    "model": "auth.permission",
    "pk": 57,
    "fields": {
      "name": "Can add partial",
      "content_type": 15,
      "codename": "add_partial"
    }
  },
  {
    "model": "auth.permission",
    "pk": 58,
    "fields": {
      "name": "Can change partial",
      "content_type": 15,
      "codename": "change_partial"
    }
  },
  {
    "model": "auth.permission",
    "pk": 59,
    "fields": {
      "name": "Can delete partial",
      "content_type": 15,
      "codename": "delete_partial"
    }
  },
  {
    "model": "auth.permission",
    "pk": 60,
    "fields": {
      "name": "Can view partial",
      "content_type": 15,
      "codename": "view_partial"
    }
  },
  {
    "model": "auth.permission",
    "pk": 61,
    "fields": {
      "name": "Can add shop user profile",
      "content_type": 16,
      "codename": "add_shopuserprofile"
    }
  },
  {
    "model": "auth.permission",
    "pk": 62,
    "fields": {
      "name": "Can change shop user profile",
      "content_type": 16,
      "codename": "change_shopuserprofile"
    }
  },
  {
    "model": "auth.permission",
    "pk": 63,
    "fields": {
      "name": "Can delete shop user profile",
      "content_type": 16,
      "codename": "delete_shopuserprofile"
    }
  },
  {
    "model": "auth.permission",
    "pk": 64,
    "fields": {
      "name": "Can view shop user profile",
      "content_type": 16,
      "codename": "view_shopuserprofile"
    }
  },
  {
    "model": "auth.permission",
    "pk": 65,
    "fields": {
      "name": "Can add \u0437\u0430\u043a\u0430\u0437",
      "content_type": 17,
      "codename": "add_order"
    }
  },
  {
    "model": "auth.permission",
    "pk": 66,
    "fields": {
      "name": "Can change \u0437\u0430\u043a\u0430\u0437",
      "content_type": 17,
      "codename": "change_order"
    }
  },
  {
    "model": "auth.permission",
    "pk": 67,
    "fields": {
      "name": "Can delete \u0437\u0430\u043a\u0430\u0437",
      "content_type": 17,
      "codename": "delete_order"
    }
  },
  {
    "model": "auth.permission",
    "pk": 68,
    "fields": {
      "name": "Can view \u0437\u0430\u043a\u0430\u0437",
      "content_type": 17,
      "codename": "view_order"
    }
  },
  {
    "model": "auth.permission",
    "pk": 69,
    "fields": {
      "name": "Can add order item",
      "content_type": 18,
      "codename": "add_orderitem"
    }
  },
  {
    "model": "auth.permission",
    "pk": 70,
    "fields": {
      "name": "Can change order item",
      "content_type": 18,
      "codename": "change_orderitem"
    }
  },
  {
    "model": "auth.permission",
    "pk": 71,
    "fields": {
      "name": "Can delete order item",
      "content_type": 18,
      "codename": "delete_orderitem"
    }
  },
  {
    "model": "auth.permission",
    "pk": 72,
    "fields": {
      "name": "Can view order item",
      "content_type": 18,
      "codename": "view_orderitem"
    }
  },
  {
    "model": "sessions.session",
    "pk": "15r1hgqae6zrhfj40h8d5rj0a4mb0yz4",
    "fields": {
      "session_data": "ZDZmNWZjNjJkZjM2N2IzOGJiYzJlYWE4ZGNhNTFjYjQ1ODk0NGRjNjp7Im5leHQiOiIvIiwidmstb2F1dGgyX3N0YXRlIjoiZU1hS2lpeUZHckM1TW5BeTBYaWs1VVVIZmlEbFV2ZTIifQ==",
      "expire_date": "2019-10-20T18:05:25.534Z"
    }
  },
  {
    "model": "sessions.session",
    "pk": "4fzdvqxiqrxi2y00hwrz5wta13no236q",
    "fields": {
      "session_data": "ZjNlNDdkMzg5OTQ4YjlkMjQ0Y2YzYmUxM2U0ODdhNjVjMzUwYmFiMDp7Im5leHQiOiIvIiwidmstb2F1dGgyX3N0YXRlIjoiNGtwTFNMem90Q044dGdWWUFCZUpPcVZ1U3lQODZRMlcifQ==",
      "expire_date": "2019-10-20T18:08:10.746Z"
    }
  },
  {
    "model": "sessions.session",
    "pk": "6pwp2wyqwod02zafz3s86zqs3j31i3qn",
    "fields": {
      "session_data": "MTE0OTQ3MzgwNzdkYzliOWQ2ZDhlZDRlYjJjMGQzMTE2NWMxZDEzZDp7Im5leHQiOiIvIiwidmstb2F1dGgyX3N0YXRlIjoiVHpNZXV5dkRXTjg1eHZTa0lHNU9QQlFNR2hyV2MyeUwifQ==",
      "expire_date": "2019-10-20T18:29:22.168Z"
    }
  },
  {
    "model": "sessions.session",
    "pk": "8gyn7txen7mfufyrwxdlr5qqjv6t2e5h",
    "fields": {
      "session_data": "MmUzZmNlZDg0OWI5N2MxNjZlZTAyOWM4NmVmOGE2NzEwYmZmZjIwODp7Im5leHQiOiIvIiwidmstb2F1dGgyX3N0YXRlIjoibDNrMW5jcGtYRFc5MlE5UHY2YVRDTDN1c0d2bFE0MzIifQ==",
      "expire_date": "2019-10-20T18:14:01.906Z"
    }
  },
  {
    "model": "sessions.session",
    "pk": "a5h1ifj0a1ogfu7gq8jqk8332gcm55tw",
    "fields": {
      "session_data": "YWE5NmM1Yzk2MWQ4NDYxOWRmZGU2YmUxZjI4ZTBiYWI3OGViNDA4Njp7Im5leHQiOiIvIiwidmstb2F1dGgyX3N0YXRlIjoiUk9BSDFwRWQ5VDZEQjlFelplUHhwajBpT0FhSENzY3oifQ==",
      "expire_date": "2019-10-20T18:30:43.429Z"
    }
  },
  {
    "model": "sessions.session",
    "pk": "d74rqrankaqjocmfjo3g7salkh9vhinf",
    "fields": {
      "session_data": "M2U3Nzk1ZTM2MmFlM2ZmOTA0MDVjODA5OTRlNDJlMWFmNTcwZDMwMTp7Im5leHQiOiIvIiwidmstb2F1dGgyX3N0YXRlIjoiaGxRaEFkREgyOHNqa3BRTzEzOUxraVVVWHExaFUxMnMifQ==",
      "expire_date": "2019-10-20T17:59:52.169Z"
    }
  },
  {
    "model": "sessions.session",
    "pk": "dptpoersrjvrm9cjjbr3wlfs4iu3394s",
    "fields": {
      "session_data": "MjdhYjJiZmVlODBhZjE5YmE5NDkzYWU0NjE2ODk2ZGZiMjhkMjQ4MTp7Im5leHQiOiIvIiwidmstb2F1dGgyX3N0YXRlIjoiZzZwNWFSRGs5Y1NWbUVNV3FKVkZIUUFDZmVzR2JkZDUifQ==",
      "expire_date": "2019-10-20T17:57:06.728Z"
    }
  },
  {
    "model": "sessions.session",
    "pk": "dswmgk5nasi6eassf2enofoqqp6yp6t3",
    "fields": {
      "session_data": "NzdiNzM0YWQ2ZDk3MzE3NTAxYzcxZGQ1Mjk0OWZiN2JjMzI4MmM0NDp7Im5leHQiOiIvIiwidmstb2F1dGgyX3N0YXRlIjoiQlRsTlJzNGdvaHJZcmk4MEhPTUF2a2Jtd1NpcXBhNXUiLCJfYXV0aF91c2VyX2lkIjoiMyIsIl9hdXRoX3VzZXJfYmFja2VuZCI6ImRqYW5nby5jb250cmliLmF1dGguYmFja2VuZHMuTW9kZWxCYWNrZW5kIiwiX2F1dGhfdXNlcl9oYXNoIjoiODhjYjQxYTc1MDdlODA2NDk1ZTgwZDMxMGE0Nzg5ZmRmODcxNDQzNyJ9",
      "expire_date": "2019-10-22T15:55:47.019Z"
    }
  },
  {
    "model": "sessions.session",
    "pk": "jlfvmfh8ixp3jisylmzl956lza3ifeja",
    "fields": {
      "session_data": "MGMxNzBkOWEzZDI0OThiZDU0MDBiNzhjMjQ4MTEzNzA1MjdkZGJlNzp7Im5leHQiOiIvIiwidmstb2F1dGgyX3N0YXRlIjoiazJnVHFIdVcwZVBLcWNIaWRDUzFQNkZpVVhGV0p1dVAifQ==",
      "expire_date": "2019-10-20T17:57:23.227Z"
    }
  },
  {
    "model": "sessions.session",
    "pk": "l7ouedlatnu9ojpui65082sko4udnjjd",
    "fields": {
      "session_data": "NDkwODFjNWM3ZTY5MGE0ODdmNWM5M2EwNDBiYWM0YzcxZmUzY2JkZjp7Im5leHQiOiIvIiwidmstb2F1dGgyX3N0YXRlIjoiTjZTeW1tMHFXWGhaaHNoNTFRVWR2VkxDS0hEZlBURlEifQ==",
      "expire_date": "2019-10-20T18:38:58.004Z"
    }
  },
  {
    "model": "sessions.session",
    "pk": "lv99gyfjay5a5rqvu0dlrp4ezkysrghm",
    "fields": {
      "session_data": "OWZhMjUyMzNjMzAyZjY4MGVjNGM4ZmU0NWEwNmJjYzQ3MDIwNTE4Njp7Im5leHQiOiIvIiwidmstb2F1dGgyX3N0YXRlIjoic296bTJqakZvSXlYaTE4aG4wVFBuNmNJZ1NMcFh4RWYifQ==",
      "expire_date": "2019-10-20T18:08:31.879Z"
    }
  },
  {
    "model": "sessions.session",
    "pk": "mawrgdjkwnyrd6vjlsx7m0gohfnt1v7k",
    "fields": {
      "session_data": "MzUzNTdhZmM4YjYyMjg3ODIwY2QyOGMzMTg3YWM3YzdlNWMyMGIxZjp7Il9hdXRoX3VzZXJfaWQiOiIxIiwiX2F1dGhfdXNlcl9iYWNrZW5kIjoiZGphbmdvLmNvbnRyaWIuYXV0aC5iYWNrZW5kcy5Nb2RlbEJhY2tlbmQiLCJfYXV0aF91c2VyX2hhc2giOiI3ZTI2ZmVlOGM0ODg1ZjI3MDZlZmEwMDE3NTY5MTA0ZWQ4MjRjMTBhIn0=",
      "expire_date": "2019-10-10T18:05:20.176Z"
    }
  },
  {
    "model": "sessions.session",
    "pk": "wtn3thokzul3edb1l7119v3xieirpcu3",
    "fields": {
      "session_data": "N2I3MzMwNDdiMGE5MzYyMzIwNTI5OTU3ODc5NTYzZTQyOGRhOWI0NTp7Im5leHQiOiIvIiwidmstb2F1dGgyX3N0YXRlIjoic2Y3RUJSNllyRVlqMGFpcmRmRUlVNWVrcEFEVWUwMm8ifQ==",
      "expire_date": "2019-10-20T18:18:28.941Z"
    }
  },
  {
    "model": "sessions.session",
    "pk": "xe8b07935oasx4rfrk6o49vg102tlmtg",
    "fields": {
      "session_data": "ODEzOTIzNGQ3ZmQ2OWNmNDBlMGE3ZGI2NjBlZjIxNWM0NTM4OThiNzp7Im5leHQiOiIvIiwidmstb2F1dGgyX3N0YXRlIjoibzRnTGJWcWxNVnZNQzF4clVvNlRjRXg4Z1lUV0V2QTEifQ==",
      "expire_date": "2019-10-20T18:26:56.845Z"
    }
  },
  {
    "model": "sessions.session",
    "pk": "xvi1z72qwucbza4unc4zp8hupljhkxyo",
    "fields": {
      "session_data": "ZDgxNGQ0Yzc5ZjQyNjVjYjRkZWVlODkzNGU2NTE0ZDk4OWU1MjJkMDp7Il9hdXRoX3VzZXJfaWQiOiIyIiwiX2F1dGhfdXNlcl9iYWNrZW5kIjoiZGphbmdvLmNvbnRyaWIuYXV0aC5iYWNrZW5kcy5Nb2RlbEJhY2tlbmQiLCJfYXV0aF91c2VyX2hhc2giOiI1ZDBkNjczNzJjYWUwMThmZmExZjdmYzk5ZTFmMTk2MGMwNDhiY2EwIn0=",
      "expire_date": "2019-09-14T18:02:12.807Z"
    }
  },
  {
    "model": "mainapp.productcategory",
    "pk": 8,
    "fields": {
      "name": "\u0434\u043e\u043c122",
      "description": "\u043e\u0442\u043b\u0438\u0447\u043d\u0430\u044f \u043c\u0435\u0431\u0435\u043b\u044c \u0434\u043b\u044f \u0434\u043e\u043c\u0430\u0448\u043d\u0435\u0433\u043e \u0438\u043d\u0442\u0435\u0440\u044c\u0435\u0440\u0430.",
      "is_active": true
    }
  },
  {
    "model": "mainapp.productcategory",
    "pk": 9,
    "fields": {
      "name": "\u043e\u0444\u0438\u0441",
      "description": "\u0441\u0442\u0438\u043b\u044c\u043d\u0430\u044f \u0438 \u043d\u0430\u0434\u0435\u0436\u043d\u0430\u044f \u043e\u0444\u0438\u0441\u043d\u0430\u044f \u043c\u0435\u0431\u0435\u043b\u044c \u043d\u043e\u0432\u043e\u0433\u043e \u043f\u043e\u043a\u043e\u043b\u0435\u043d\u0438\u044f.",
      "is_active": true
    }
  },
  {
    "model": "mainapp.productcategory",
    "pk": 10,
    "fields": {
      "name": "\u0434\u0435\u043a\u043e\u0440",
      "description": "\u0442\u043e\u0432\u0430\u0440\u044b \u0434\u043b\u044f \u0443\u043a\u0440\u0430\u0448\u0435\u043d\u0438\u044f \u043c\u0435\u0431\u0435\u043b\u0438.",
      "is_active": true
    }
  },
  {
    "model": "mainapp.productcategory",
    "pk": 11,
    "fields": {
      "name": "\u043c\u043e\u0434\u0435\u0440\u043d",
      "description": "\u043c\u0435\u0431\u0435\u043b\u044c \u0432 \u0441\u0442\u0438\u043b\u0435 \u041c\u041e\u0414\u0415\u0420\u041d \u043f\u043e\u0434\u043e\u0439\u0434\u0435\u0442 \u0434\u043b\u044f \u043b\u044e\u0431\u043e\u0433\u043e \u0438\u043d\u0442\u0435\u0440\u044c\u0435\u0440\u0430.",
      "is_active": true
    }
  },
  {
    "model": "mainapp.productcategory",
    "pk": 12,
    "fields": {
      "name": "\u043a\u043b\u0430\u0441\u0441\u0438\u043a\u0430",
      "description": "\u043a\u043b\u0430\u0441\u0441\u0438\u0447\u0435\u0441\u043a\u0438\u0439 \u0441\u0442\u0438\u043b\u044c \u0430\u043a\u0442\u0443\u0430\u043b\u0435\u043d \u0432 \u043b\u044e\u0431\u044b\u0435 \u0432\u0440\u0435\u043c\u0435\u043d\u0430.",
      "is_active": true
    }
  },
  {
    "model": "mainapp.productcategory",
    "pk": 13,
    "fields": {
      "name": "\u0434\u0430\u0447\u0430",
      "description": "\u0432\u0441\u0435 \u0434\u043b\u044f \u043e\u0433\u043e\u0440\u043e\u0434\u0430",
      "is_active": true
    }
  },
  {
    "model": "mainapp.productcategory",
    "pk": 14,
    "fields": {
      "name": "lll",
      "description": "lll",
      "is_active": true
    }
  },
  {
    "model": "mainapp.product",
    "pk": 7,
    "fields": {
      "category": 10,
      "name": "\u0421\u0432\u0435\u0442\u0438\u043b\u044c\u043d\u0438\u043a \u043f\u043e\u0434\u0432\u0435\u0441\u043d\u043e\u0439",
      "image": "products_images/product-11.jpg",
      "short_desc": "\u0438\u0441\u043f\u043e\u043b\u044c\u0437\u043e\u0432\u0430\u043d\u044b \u043f\u0440\u0435\u043c\u0438\u0430\u043b\u044c\u043d\u044b\u0435 \u043c\u0430\u0442\u0435\u0440\u0438\u0430\u043b\u044b",
      "description": "\u0434\u043b\u044f \u0442\u0435\u0445, \u043a\u0442\u043e \u0441\u0442\u0440\u0435\u043c\u0438\u0442\u0441\u044f \u043a \u043b\u0443\u0447\u0448\u0435\u043c\u0443",
      "price": "3687.20",
      "quantity": 31,
      "is_active": true
    }
  },
  {
    "model": "mainapp.product",
    "pk": 8,
    "fields": {
      "category": 8,
      "name": "\u043a\u043e\u043c\u0444\u043e\u0440\u0442 2",
      "image": "products_images/product-21.jpg",
      "short_desc": "\u043e\u0447\u0435\u043d\u044c \u043a\u043e\u043c\u0444\u043e\u0440\u0442\u043d\u044b\u0439 \u0441\u0442\u0443\u043b",
      "description": "\u043f\u043e\u0434\u043e\u0439\u0434\u0435\u0442 \u0434\u043b\u044f \u043e\u0431\u0449\u0435\u043d\u0438\u044f \u0441 \u0434\u0440\u0443\u0437\u044c\u044f\u043c\u0438",
      "price": "3687.20",
      "quantity": 27,
      "is_active": true
    }
  },
  {
    "model": "mainapp.product",
    "pk": 9,
    "fields": {
      "category": 10,
      "name": "\u0441\u0432\u0435\u0442\u0438\u043b\u044c\u043d\u0438\u043a \u043d\u0430\u0441\u0442\u043e\u043b\u044c\u043d\u044b\u0439",
      "image": "products_images/product-31.jpg",
      "short_desc": "\u0443\u043d\u0438\u0432\u0435\u0440\u0441\u0430\u043b\u044c\u043d\u043e\u0435 \u0440\u0435\u0448\u0435\u043d\u0438\u0435",
      "description": "\u0444\u0443\u043d\u043a\u0446\u0438\u043e\u043d\u0430\u043b\u044c\u043d\u043e\u0435 \u0438 \u043a\u043e\u043c\u0444\u043e\u0440\u0442\u043d\u043e\u0435 \u0440\u0435\u0448\u0435\u043d\u0438\u0435",
      "price": "2989.50",
      "quantity": 17,
      "is_active": true
    }
  },
  {
    "model": "mainapp.product",
    "pk": 10,
    "fields": {
      "category": 10,
      "name": "\u0441\u0432\u0435\u0442\u0438\u043b\u044c\u043d\u0438\u043a \u043d\u0430\u0441\u0442\u0435\u043d\u043d\u044b\u0439",
      "image": "products_images/product-41.jpg",
      "short_desc": "\u0443\u043d\u0438\u0432\u0435\u0440\u0441\u0430\u043b\u044c\u043d\u043e\u0435 \u0440\u0435\u0448\u0435\u043d\u0438\u0435",
      "description": "\u043f\u043e\u0434\u043e\u0439\u0434\u0435\u0442 \u0434\u043b\u044f \u043b\u044e\u0431\u043e\u0433\u043e \u0434\u043e\u043c\u0430 \u0438 \u043e\u0444\u0438\u0441\u0430",
      "price": "3687.20",
      "quantity": 21,
      "is_active": true
    }
  },
  {
    "model": "mainapp.product",
    "pk": 11,
    "fields": {
      "category": 10,
      "name": "\u0441\u0442\u0443\u043f\u043a\u0430 \u0438 \u043f\u0435\u0441\u0442\u0438\u043a",
      "image": "products_images/product-5.jpg",
      "short_desc": "\u0438\u0441\u043f\u043e\u043b\u044c\u0437\u043e\u0432\u0430\u043d\u044b \u043f\u0440\u0435\u043c\u0438\u0430\u043b\u044c\u043d\u044b\u0435 \u043c\u0430\u0442\u0435\u0440\u0438\u0430\u043b\u044b",
      "description": "\u0434\u043b\u044f \u0442\u0435\u0445, \u043a\u0442\u043e \u0441\u0442\u0440\u0435\u043c\u0438\u0442\u0441\u044f \u043a \u043b\u0443\u0447\u0448\u0435\u043c\u0443",
      "price": "8157.99",
      "quantity": 7,
      "is_active": true
    }
  },
  {
    "model": "mainapp.product",
    "pk": 12,
    "fields": {
      "category": 10,
      "name": "\u0432\u0430\u0437\u0430",
      "image": "products_images/product-6.jpg",
      "short_desc": "\u0438\u043d\u043d\u043e\u0432\u0430\u0446\u0438\u043e\u043d\u043d\u044b\u0439 \u0434\u0438\u0437\u0430\u0439\u043d",
      "description": "\u043d\u0435\u0441\u0442\u0430\u043d\u0434\u0430\u0440\u0442\u043d\u043e\u0435 \u0440\u0435\u0448\u0435\u043d\u0438\u0435 \u0434\u043b\u044f \u0441\u043e\u0432\u0440\u0435\u043c\u0435\u043d\u043d\u043e\u0433\u043e \u0438\u043d\u0442\u0435\u0440\u044c\u0435\u0440\u0430",
      "price": "1895.25",
      "quantity": 27,
      "is_active": true
    }
  },
  {
    "model": "mainapp.product",
    "pk": 13,
    "fields": {
      "category": 9,
      "name": "\u0441\u0442\u043e\u043b",
      "image": "products_images/slider_7w6SraO.jpg",
      "short_desc": "\u0431\u043e\u043b\u044c\u0448\u043e\u0439 \u0441\u0442\u043e\u043b",
      "description": "\u0441\u0442\u043e\u043b \u0434\u043b\u044f \u0441\u043e\u0432\u0435\u0449\u0430\u043d\u0438\u0439",
      "price": "9999.99",
      "quantity": 16,
      "is_active": true
    }
  },
  {
    "model": "authapp.shopuser",
    "pk": 3,
    "fields": {
      "password": "pbkdf2_sha256$150000$gYneQVBeeYhn$izDhMOcBgqfOiCf4mQMh6+Wolo8qIrGevuI+wIlzFUI=",
      "last_login": "2019-10-08T15:55:47.001Z",
      "is_superuser": true,
      "username": "django2",
      "first_name": "",
      "last_name": "",
      "email": "django@geekshop.local",
      "is_staff": true,
      "is_active": true,
      "date_joined": "2019-09-01T14:37:49Z",
      "avatar": "users_avatars/product-5.jpg",
      "age": 33,
      "activation_key": "",
      "activation_key_expires": "2019-10-03T16:25:21.074Z",
      "groups": [],
      "user_permissions": []
    }
  },
  {
    "model": "authapp.shopuserprofile",
    "pk": 13,
    "fields": {
      "user": 4,
      "tagline": "",
      "aboutMe": "",
      "gender": ""
    }
  },
  {
    "model": "basketapp.basket",
    "pk": 2,
    "fields": {
      "user": 2,
      "product": 9,
      "quantity": 4,
      "add_datetime": "2019-09-04T16:24:17.780Z"
    }
  },
  {
    "model": "basketapp.basket",
    "pk": 7,
    "fields": {
      "user": 2,
      "product": 11,
      "quantity": 3,
      "add_datetime": "2019-09-08T18:46:58.689Z"
    }
  },
  {
    "model": "basketapp.basket",
    "pk": 8,
    "fields": {
      "user": 2,
      "product": 10,
      "quantity": 2,
      "add_datetime": "2019-09-08T18:55:06.939Z"
    }
  },
  {
    "model": "basketapp.basket",
    "pk": 34,
    "fields": {
      "user": 1,
      "product": 8,
      "quantity": 4,
      "add_datetime": "2019-09-29T17:09:45.884Z"
    }
  },
  {
    "model": "basketapp.basket",
    "pk": 36,
    "fields": {
      "user": 1,
      "product": 13,
      "quantity": 2,
      "add_datetime": "2019-09-29T17:09:47.337Z"
    }
  },
  {
    "model": "basketapp.basket",
    "pk": 37,
    "fields": {
      "user": 1,
      "product": 11,
      "quantity": 3,
      "add_datetime": "2019-09-29T17:09:48.639Z"
    }
  },
  {
    "model": "basketapp.basket",
    "pk": 38,
    "fields": {
      "user": 2,
      "product": 12,
      "quantity": 1,
      "add_datetime": "2019-10-01T14:37:22.159Z"
    }
  },
  {
    "model": "ordersapp.order",
    "pk": 1,
    "fields": {
      "user": 3,
      "created": "2019-10-09T17:11:48.714Z",
      "updated": "2019-10-09T17:18:52.834Z",
      "status": "FM",
      "is_active": false
    }
  },
  {
    "model": "ordersapp.order",
    "pk": 2,
    "fields": {
      "user": 3,
      "created": "2019-10-09T17:12:21.627Z",
      "updated": "2019-10-09T17:15:06.333Z",
      "status": "FM",
      "is_active": false
    }
  },
  {
    "model": "ordersapp.order",
    "pk": 3,
    "fields": {
      "user": 3,
      "created": "2019-10-09T17:13:22.541Z",
      "updated": "2019-10-09T17:14:03.048Z",
      "status": "STP",
      "is_active": true
    }
  },
  {
    "model": "ordersapp.order",
    "pk": 4,
    "fields": {
      "user": 3,
      "created": "2019-10-11T15:12:11.717Z",
      "updated": "2019-10-11T15:13:05.129Z",
      "status": "FM",
      "is_active": false
    }
  },
  {
    "model": "ordersapp.order",
    "pk": 5,
    "fields": {
      "user": 3,
      "created": "2019-10-12T15:33:01.061Z",
      "updated": "2019-10-12T15:36:41.515Z",
      "status": "FM",
      "is_active": false
    }
  },
  {
    "model": "ordersapp.order",
    "pk": 6,
    "fields": {
      "user": 3,
      "created": "2019-10-12T15:36:35.849Z",
      "updated": "2019-10-12T15:36:45.429Z",
      "status": "FM",
      "is_active": false
    }
  },
  {
    "model": "ordersapp.orderitem",
    "pk": 1,
    "fields": {
      "order": 1,
      "product": 7,
      "quantity": 5
    }
  },
  {
    "model": "ordersapp.orderitem",
    "pk": 2,
    "fields": {
      "order": 1,
      "product": 8,
      "quantity": 3
    }
  },
  {
    "model": "ordersapp.orderitem",
    "pk": 3,
    "fields": {
      "order": 1,
      "product": 13,
      "quantity": 3
    }
  },
  {
    "model": "ordersapp.orderitem",
    "pk": 4,
    "fields": {
      "order": 2,
      "product": 7,
      "quantity": 5
    }
  },
  {
    "model": "ordersapp.orderitem",
    "pk": 5,
    "fields": {
      "order": 2,
      "product": 8,
      "quantity": 3
    }
  },
  {
    "model": "ordersapp.orderitem",
    "pk": 6,
    "fields": {
      "order": 2,
      "product": 13,
      "quantity": 3
    }
  },
  {
    "model": "ordersapp.orderitem",
    "pk": 7,
    "fields": {
      "order": 3,
      "product": 7,
      "quantity": 5
    }
  },
  {
    "model": "ordersapp.orderitem",
    "pk": 8,
    "fields": {
      "order": 3,
      "product": 8,
      "quantity": 3
    }
  },
  {
    "model": "ordersapp.orderitem",
    "pk": 9,
    "fields": {
      "order": 3,
      "product": 13,
      "quantity": 3
    }
  },
  {
    "model": "ordersapp.orderitem",
    "pk": 10,
    "fields": {
      "order": 4,
      "product": 9,
      "quantity": 1
    }
  },
  {
    "model": "ordersapp.orderitem",
    "pk": 11,
    "fields": {
      "order": 4,
      "product": 13,
      "quantity": 1
    }
  },
  {
    "model": "ordersapp.orderitem",
    "pk": 13,
    "fields": {
      "order": 4,
      "product": 8,
      "quantity": 1
    }
  },
  {
    "model": "ordersapp.orderitem",
    "pk": 14,
    "fields": {
      "order": 5,
      "product": 7,
      "quantity": 4
    }
  },
  {
    "model": "ordersapp.orderitem",
    "pk": 15,
    "fields": {
      "order": 6,
      "product": 11,
      "quantity": 5
    }
  }
]
